Observation id,Behavior
ratingcont_L10F10_closed_video,"['groove_walk', 'swingout', 'swingout', 'swingout', 'lindy_circle', 'basic_closed', 'tuck_turn', 'pass_by', 'come_back', 'basic_closed', 'swingout', 'swingout', 'swingout', 'swingout', 'pass_by', 'pass_by', 'sugar_push', 'pass_by', 'come_back', 'swingout', 'swingout', 'swingout', 'swingout', 'come_back', 'tuck_turn', 'pass_by', 'pass_by', 'outside_spin', 'pass_by', 'come_back', 'tuck_turn', 'pass_by', 'pass_by', 'sugar_push', 'pass_by', 'outside_spin', 'come_back', 'swingout', 'lindy_circle', 'tuck_turn', 'pass_by', 'swingout', 'swingout', 'swingout', 'swingout', 'lindy_circle', 'basic_closed', 'tuck_turn', 'pass_by', 'pass_by', 'sugar_push', 'come_back', 'tuck_turn', 'pass_by', 'sugar_push', 'pass_by', 'outside_spin', 'come_back', 'basic_closed', 'swingout', 'swingout', 'swingout', ""['groove_walk', 'swingout', 'swingout', 'swingout', 'lindy_circle', 'basic_closed', 'tuck_turn', 'pass_by', 'come_back', 'basic_closed', 'swingout', 'swingout', 'swingout', 'swingout', 'pass_by', 'pass_by', 'sugar_push', 'pass_by', 'come_back', 'swingout', 'swingout', 'swingout', 'swingout', 'come_back', 'tuck_turn', 'pass_by', 'pass_by', 'outside_spin', 'pass_by', 'come_back', 'tuck_turn', 'pass_by', 'pass_by', 'sugar_push', 'pass_by', 'outside_spin', 'come_back', 'swingout', 'lindy_circle', 'tuck_turn', 'pass_by', 'swingout', 'swingout', 'swingout', 'swingout', 'lindy_circle', 'basic_closed', 'tuck_turn', 'pass_by', 'pass_by', 'sugar_push', 'come_back', 'tuck_turn', 'pass_by', 'sugar_push', 'pass_by', 'outside_spin', 'come_back', 'basic_closed', 'swingout', 'swingout', 'swingout']""]"
ratingcont_L10F10_free_video,"['groove_walk', 'swingout', 'swingout', 'swingout', 'lindy_circle', 'basic_closed', 'tuck_turn', 'pass_by', 'lindy_circle', 'send_out', 'pass_by', 'outside_spin', 'come_back', 'swingout', 'swingout', 'swingout', 'swingout', 'lindy_circle', 'basic_closed', 'tuck_turn', 'pass_by', 'pass_by', 'pass_by', 'pass_by', 'pass_by', 'basic_open', 'swingout', 'swingout', 'swingout', 'swingout', 'swingout', 'lindy_circle', 'basic_closed', 'tuck_turn', 'pass_by', 'pass_by', 'pass_by', 'outside_spin', 'corridor', 'swingout', 'swingout', 'swingout', 'swingout', 'swingout', 'lindy_circle', 'tuck_turn', 'pass_by', 'pass_by', 'pass_by', 'pass_by', 'pass_by', 'swingout', 'swingout', 'swingout', 'come_back', 'basic_closed', 'send_out', 'swingout', 'swingout', 'swingout', ""['groove_walk', 'swingout', 'swingout', 'swingout', 'lindy_circle', 'basic_closed', 'tuck_turn', 'pass_by', 'lindy_circle', 'send_out', 'pass_by', 'outside_spin', 'come_back', 'swingout', 'swingout', 'swingout', 'swingout', 'lindy_circle', 'basic_closed', 'tuck_turn', 'pass_by', 'pass_by', 'pass_by', 'pass_by', 'pass_by', 'basic_open', 'swingout', 'swingout', 'swingout', 'swingout', 'swingout', 'lindy_circle', 'basic_closed', 'tuck_turn', 'pass_by', 'pass_by', 'pass_by', 'outside_spin', 'corridor', 'swingout', 'swingout', 'swingout', 'swingout', 'swingout', 'lindy_circle', 'tuck_turn', 'pass_by', 'pass_by', 'pass_by', 'pass_by', 'pass_by', 'swingout', 'swingout', 'swingout', 'come_back', 'basic_closed', 'send_out', 'swingout', 'swingout', 'swingout']""]"
ratingcont_L10F10_open_video,"['groove_walk', 'swingout', 'pass_by', 'pass_by', 'come_back', 'tuck_turn', 'basic_closed', 'tuck_turn', 'pass_by', 'swingout', 'swingout', 'come_back', 'tuck_turn', 'pass_by', 'pass_by', 'swingout', 'swingout', 'swingout', 'lindy_circle', 'tuck_turn', 'pass_by', 'outside_spin', 'pass_by', 'pass_by', 'pass_by', 'sweetheart', 'pass_by', 'sugar_push', 'pass_by', 'come_back', 'tuck_turn', 'pass_by', 'pass_by', 'swingout', 'swingout', 'swingout', 'lindy_circle', 'basic_closed', 'tuck_turn', 'pass_by', 'outside_spin', 'come_back', 'basic_closed', 'basic_closed', 'tuck_turn', 'pass_by', 'sugar_push', 'pass_by', ""['groove_walk', 'swingout', 'pass_by', 'pass_by', 'come_back', 'tuck_turn', 'basic_closed', 'tuck_turn', 'pass_by', 'swingout', 'swingout', 'come_back', 'tuck_turn', 'pass_by', 'pass_by', 'swingout', 'swingout', 'swingout', 'lindy_circle', 'tuck_turn', 'pass_by', 'outside_spin', 'pass_by', 'pass_by', 'pass_by', 'sweetheart', 'pass_by', 'sugar_push', 'pass_by', 'come_back', 'tuck_turn', 'pass_by', 'pass_by', 'swingout', 'swingout', 'swingout', 'lindy_circle', 'basic_closed', 'tuck_turn', 'pass_by', 'outside_spin', 'come_back', 'basic_closed', 'basic_closed', 'tuck_turn', 'pass_by', 'sugar_push', 'pass_by']""]"
ratingcont_L10F9_closed_video,"['swingout', 'swingout', 'swingout', 'swingout', 'lindy_circle', 'tuck_turn', 'pass_by', 'come_back', 'swingout', 'swingout', 'swingout', 'lindy_circle', 'tuck_turn', 'pass_by', 'outside_spin', 'come_back', 'basic_closed', 'tuck_turn', 'pass_by', 'sugar_push', 'sweetheart', 'pass_by', 'pass_by', 'sugar_push', 'basic_open', 'swingout', 'swingout', 'swingout', 'swingout', 'lindy_circle', 'tuck_turn', 'pass_by', 'outside_spin', 'sugar_push', 'sweetheart', 'pass_by', 'sugar_push', 'pass_by', 'pass_by', 'come_back', 'tuck_turn', 'pass_by', 'swingout', 'swingout', 'lindy_circle', 'tuck_turn', 'pass_by', 'pass_by', 'sugar_push', 'sweetheart', 'pass_by', 'swingout', 'swingout', 'lindy_circle', ""['swingout', 'swingout', 'swingout', 'swingout', 'lindy_circle', 'tuck_turn', 'pass_by', 'come_back', 'swingout', 'swingout', 'swingout', 'lindy_circle', 'tuck_turn', 'pass_by', 'outside_spin', 'come_back', 'basic_closed', 'tuck_turn', 'pass_by', 'sugar_push', 'sweetheart', 'pass_by', 'pass_by', 'sugar_push', 'basic_open', 'swingout', 'swingout', 'swingout', 'swingout', 'lindy_circle', 'tuck_turn', 'pass_by', 'outside_spin', 'sugar_push', 'sweetheart', 'pass_by', 'sugar_push', 'pass_by', 'pass_by', 'come_back', 'tuck_turn', 'pass_by', 'swingout', 'swingout', 'lindy_circle', 'tuck_turn', 'pass_by', 'pass_by', 'sugar_push', 'sweetheart', 'pass_by', 'swingout', 'swingout', 'lindy_circle']""]"
ratingcont_L10F9_free_video,"['swingout', 'swingout', 'swingout', 'lindy_circle', 'tuck_turn', 'pass_by', 'pass_by', 'inside_spin', 'lindy_circle', 'swingout', 'swingout', 'swingout', 'lindy_circle', 'tuck_turn', 'pass_by', 'inside_spin', 'lindy_circle', 'tuck_turn', 'pass_by', 'pass_by', 'pass_by', 'lindy_circle', 'swingout', 'swingout', 'swingout', 'come_back', 'basic_closed', 'tuck_turn', 'pass_by', 'sugar_push', 'pass_by', 'sweetheart', 'pass_by', 'outside_spin', 'lindy_circle', 'swingout', 'swingout', 'swingout', 'swingout', 'lindy_circle', 'tuck_turn', 'pass_by', 'pass_by', 'pass_by', 'pass_by', 'sugar_push', 'pass_by', 'outside_spin', 'come_back', 'swingout', 'swingout', 'lindy_circle', 'basic_closed', 'swingout', 'swingout', ""['swingout', 'swingout', 'swingout', 'lindy_circle', 'tuck_turn', 'pass_by', 'pass_by', 'inside_spin', 'lindy_circle', 'swingout', 'swingout', 'swingout', 'lindy_circle', 'tuck_turn', 'pass_by', 'inside_spin', 'lindy_circle', 'tuck_turn', 'pass_by', 'pass_by', 'pass_by', 'lindy_circle', 'swingout', 'swingout', 'swingout', 'come_back', 'basic_closed', 'tuck_turn', 'pass_by', 'sugar_push', 'pass_by', 'sweetheart', 'pass_by', 'outside_spin', 'lindy_circle', 'swingout', 'swingout', 'swingout', 'swingout', 'lindy_circle', 'tuck_turn', 'pass_by', 'pass_by', 'pass_by', 'pass_by', 'sugar_push', 'pass_by', 'outside_spin', 'come_back', 'swingout', 'swingout', 'lindy_circle', 'basic_closed', 'swingout', 'swingout']""]"
ratingcont_L10F9_open_video,"['swingout', 'swingout', 'swingout', 'pass_by', 'pass_by', 'pass_by', 'come_back', 'tuck_turn', 'pass_by', 'pass_by', 'sugar_push', 'sweetheart', 'pass_by', 'pass_by', 'pass_by', 'lindy_circle', 'basic_closed', 'tuck_turn', 'pass_by', 'swingout', 'pass_by', 'come_back', ""['swingout', 'swingout', 'swingout', 'pass_by', 'pass_by', 'pass_by', 'come_back', 'tuck_turn', 'pass_by', 'pass_by', 'sugar_push', 'sweetheart', 'pass_by', 'pass_by', 'pass_by', 'lindy_circle', 'basic_closed', 'tuck_turn', 'pass_by', 'swingout', 'pass_by', 'come_back']""]"
ratingcont_L11F11_closed_video,"['come_back', 'basic_closed', 'send_out', 'pass_by', 'outside_spin', 'come_back', 'basic_closed', 'tuck_turn', 'outside_spin', 'pass_by', 'come_back', 'basic_closed', 'promenade', 'tuck_turn', 'pass_by', 'sweetheart', 'pass_by', 'swingout', 'swingout', 'lindy_circle', 'tuck_turn', 'tuck_turn', 'sugar_push', 'sugar_push', 'sugar_push', 'tuck_turn', 'come_back', 'basic_closed', 'groove_walk', 'basic_closed', 'tuck_turn', 'pass_by', 'pass_by', 'come_back', 'send_out', 'pass_by', 'pass_by', 'pass_by', 'sweetheart', 'frankie´s_sixes', 'come_back', 'basic_closed', 'promenade', 'tuck_turn', 'pass_by', 'sweetheart', 'pass_by', 'come_back', 'basic_closed', 'tuck_turn', 'sweetheart', 'pass_by', 'sugar_push', 'sweetheart', 'come_back', 'basic_closed', 'basic_closed', 'basic_closed', ""['come_back', 'basic_closed', 'send_out', 'pass_by', 'outside_spin', 'come_back', 'basic_closed', 'tuck_turn', 'outside_spin', 'pass_by', 'come_back', 'basic_closed', 'promenade', 'tuck_turn', 'pass_by', 'sweetheart', 'pass_by', 'swingout', 'swingout', 'lindy_circle', 'tuck_turn', 'tuck_turn', 'sugar_push', 'sugar_push', 'sugar_push', 'tuck_turn', 'come_back', 'basic_closed', 'groove_walk', 'basic_closed', 'tuck_turn', 'pass_by', 'pass_by', 'come_back', 'send_out', 'pass_by', 'pass_by', 'pass_by', 'sweetheart', 'frankie´s_sixes', 'come_back', 'basic_closed', 'promenade', 'tuck_turn', 'pass_by', 'sweetheart', 'pass_by', 'come_back', 'basic_closed', 'tuck_turn', 'sweetheart', 'pass_by', 'sugar_push', 'sweetheart', 'come_back', 'basic_closed', 'basic_closed', 'basic_closed']""]"
ratingcont_L11F11_free_video,"['groove_walk', 'basic_closed', 'basic_closed', 'send_out', 'pass_by', 'pass_by', 'come_back', 'basic_closed', 'groove_walk', 'basic_closed', 'tuck_turn', 'pass_by', 'outside_spin', 'pass_by', 'come_back', 'basic_closed', 'swingout', 'swingout', 'lindy_circle', 'tuck_turn', 'pass_by', 'pass_by', 'pass_by', 'frankie´s_sixes', 'pass_by', 'sugar_push', 'sugar_push', 'tuck_turn', 'pass_by', 'come_back', 'basic_closed', 'tuck_turn', 'outside_spin', 'pass_by', 'come_back', 'basic_closed', 'basic_closed', 'tuck_turn', 'sweetheart', 'sweetheart', 'pass_by', 'pass_by', 'come_back', 'basic_closed', 'basic_closed', 'tuck_turn', 'pass_by', 'pass_by', 'pass_by', 'come_back', 'basic_closed', 'send_out', 'pass_by', 'swingout', 'come_back', 'send_out', 'sugar_push', 'sweetheart', 'come_back', 'basic_closed', 'promenade', ""['groove_walk', 'basic_closed', 'basic_closed', 'send_out', 'pass_by', 'pass_by', 'come_back', 'basic_closed', 'groove_walk', 'basic_closed', 'tuck_turn', 'pass_by', 'outside_spin', 'pass_by', 'come_back', 'basic_closed', 'swingout', 'swingout', 'lindy_circle', 'tuck_turn', 'pass_by', 'pass_by', 'pass_by', 'frankie´s_sixes', 'pass_by', 'sugar_push', 'sugar_push', 'tuck_turn', 'pass_by', 'come_back', 'basic_closed', 'tuck_turn', 'outside_spin', 'pass_by', 'come_back', 'basic_closed', 'basic_closed', 'tuck_turn', 'sweetheart', 'sweetheart', 'pass_by', 'pass_by', 'come_back', 'basic_closed', 'basic_closed', 'tuck_turn', 'pass_by', 'pass_by', 'pass_by', 'come_back', 'basic_closed', 'send_out', 'pass_by', 'swingout', 'come_back', 'send_out', 'sugar_push', 'sweetheart', 'come_back', 'basic_closed', 'promenade']""]"
ratingcont_L11F11_open_video,"['come_back', 'basic_closed', 'send_out', 'pass_by', 'pass_by', 'come_back', 'basic_closed', 'swingout', 'swingout', 'switches', 'come_back', 'basic_closed', 'tuck_turn', 'pass_by', 'come_back', 'basic_closed', 'send_out', 'pass_by', 'hand_to_hand', 'pass_by', 'come_back', 'send_out', 'frankie´s_sixes', 'hallelujah_rocks', 'come_back', 'basic_closed', 'swingout', 'come_back', 'basic_closed', 'send_out', 'sugar_push', 'sugar_push', 'tuck_turn', 'pass_by', 'break', 'come_back', 'basic_closed', 'tuck_turn', 'pass_by', 'pass_by', 'pass_by', 'break', 'pass_by', 'come_back', 'swingout', 'swingout', 'frankie´s_points', 'come_back', 'basic_closed', 'tuck_turn', 'outside_spin', 'pass_by', 'inside_spin', 'come_back', 'basic_closed', 'send_out', 'break', 'come_back', 'basic_closed', 'basic_closed', 'promenade', 'tuck_turn', 'pass_by', ""['come_back', 'basic_closed', 'send_out', 'pass_by', 'pass_by', 'come_back', 'basic_closed', 'swingout', 'swingout', 'switches', 'come_back', 'basic_closed', 'tuck_turn', 'pass_by', 'come_back', 'basic_closed', 'send_out', 'pass_by', 'hand_to_hand', 'pass_by', 'come_back', 'send_out', 'frankie´s_sixes', 'hallelujah_rocks', 'come_back', 'basic_closed', 'swingout', 'come_back', 'basic_closed', 'send_out', 'sugar_push', 'sugar_push', 'tuck_turn', 'pass_by', 'break', 'come_back', 'basic_closed', 'tuck_turn', 'pass_by', 'pass_by', 'pass_by', 'break', 'pass_by', 'come_back', 'swingout', 'swingout', 'frankie´s_points', 'come_back', 'basic_closed', 'tuck_turn', 'outside_spin', 'pass_by', 'inside_spin', 'come_back', 'basic_closed', 'send_out', 'break', 'come_back', 'basic_closed', 'basic_closed', 'promenade', 'tuck_turn', 'pass_by']""]"
ratingcont_L11F12_closed_video,"['groove_walk', 'come_back', 'basic_closed', 'basic_closed', 'send_out', 'pass_by', 'pass_by', 'pass_by', 'come_back', 'basic_closed', 'basic_closed', 'tuck_turn', 'outside_spin', 'pass_by', 'outside_spin', 'pass_by', 'come_back', 'basic_closed', 'basic_closed', 'tuck_turn', 'pass_by', 'frankie´s_sixes', 'pass_by', 'sweetheart', 'pass_by', 'come_back', 'basic_closed', 'basic_closed', 'send_out', 'break', 'come_back', 'basic_closed', 'swingout', 'swingout', 'swingout', 'swingout', 'come_back', 'basic_closed', 'basic_closed', 'promenade', 'tuck_turn', 'pass_by', 'sugar_push', 'sugar_push', 'pass_by', 'come_back', 'break', 'basic_closed', 'basic_closed', 'send_out', 'sugar_push', 'sugar_push', 'sweetheart', 'pass_by', 'come_back', 'basic_closed', 'basic_closed', 'send_out', 'swingout', 'swingout', 'come_back', ""['groove_walk', 'come_back', 'basic_closed', 'basic_closed', 'send_out', 'pass_by', 'pass_by', 'pass_by', 'come_back', 'basic_closed', 'basic_closed', 'tuck_turn', 'outside_spin', 'pass_by', 'outside_spin', 'pass_by', 'come_back', 'basic_closed', 'basic_closed', 'tuck_turn', 'pass_by', 'frankie´s_sixes', 'pass_by', 'sweetheart', 'pass_by', 'come_back', 'basic_closed', 'basic_closed', 'send_out', 'break', 'come_back', 'basic_closed', 'swingout', 'swingout', 'swingout', 'swingout', 'come_back', 'basic_closed', 'basic_closed', 'promenade', 'tuck_turn', 'pass_by', 'sugar_push', 'sugar_push', 'pass_by', 'come_back', 'break', 'basic_closed', 'basic_closed', 'send_out', 'sugar_push', 'sugar_push', 'sweetheart', 'pass_by', 'come_back', 'basic_closed', 'basic_closed', 'send_out', 'swingout', 'swingout', 'come_back']""]"
ratingcont_L11F12_free_video,"['groove_walk', 'come_back', 'basic_closed', 'basic_closed', 'send_out', 'pass_by', 'pass_by', 'come_back', 'basic_closed', 'break', 'basic_closed', 'tuck_turn', 'pass_by', 'break', 'come_back', 'basic_closed', 'swingout', 'swingout', 'swingout', 'lindy_circle', 'basic_closed', 'basic_closed', 'tuck_turn', 'outside_spin', 'pass_by', 'come_back', 'basic_closed', 'basic_closed', 'promenade', 'tuck_turn', 'pass_by', 'outside_spin', 'come_back', 'basic_closed', 'basic_closed', 'send_out', 'outside_spin', 'pass_by', 'pass_by', 'come_back', 'basic_closed', 'send_out', 'swingout', 'sugar_push', 'sugar_push', 'come_back', 'basic_closed', 'outside_spin', 'break', 'basic_closed', 'promenade', 'tuck_turn', 'outside_spin', 'pass_by', 'sweetheart', 'pass_by', 'break', 'pass_by', 'sugar_push', 'sugar_push', 'inside_turn', 'pass_by', ""['groove_walk', 'come_back', 'basic_closed', 'basic_closed', 'send_out', 'pass_by', 'pass_by', 'come_back', 'basic_closed', 'break', 'basic_closed', 'tuck_turn', 'pass_by', 'break', 'come_back', 'basic_closed', 'swingout', 'swingout', 'swingout', 'lindy_circle', 'basic_closed', 'basic_closed', 'tuck_turn', 'outside_spin', 'pass_by', 'come_back', 'basic_closed', 'basic_closed', 'promenade', 'tuck_turn', 'pass_by', 'outside_spin', 'come_back', 'basic_closed', 'basic_closed', 'send_out', 'outside_spin', 'pass_by', 'pass_by', 'come_back', 'basic_closed', 'send_out', 'swingout', 'sugar_push', 'sugar_push', 'come_back', 'basic_closed', 'outside_spin', 'break', 'basic_closed', 'promenade', 'tuck_turn', 'outside_spin', 'pass_by', 'sweetheart', 'pass_by', 'break', 'pass_by', 'sugar_push', 'sugar_push', 'inside_turn', 'pass_by']""]"
ratingcont_L12F12_closed_video,"['groove_walk', 'basic_closed', 'tuck_turn', 'come_back', 'swingout', 'lindy_circle', 'inside_turn', 'sugar_push', 'pass_by', 'lindy_circle', 'swingout', 'tuck_turn', 'sugar_push', 'pass_by', 'lindy_circle', 'pass_by', 'sugar_push', 'pass_by', 'outside_spin', 'sugar_push', 'pass_by', 'sweetheart', 'outside_turn', 'lindy_circle', 'groove_walk', 'lindy_circle', 'tuck_turn', 'sugar_push', 'pass_by', 'lindy_circle', 'tuck_turn', 'break', 'outside_turn', 'lindy_circle', 'tuck_turn', 'frankie´s_sixes', 'come_back', 'groove_walk', 'swingout', 'swingout', 'outside_turn', 'pass_by', 'sugar_push', 'tuck_turn', 'pass_by', 'come_back', 'basic_closed', 'break', 'sweetheart', 'pass_by', 'sugar_push', 'pass_by', 'sling_shot', 'lindy_circle', 'inside_turn', 'pass_by', 'come_back', 'basic_closed', 'break', 'sweetheart', 'inside_spin', ""['groove_walk', 'basic_closed', 'tuck_turn', 'come_back', 'swingout', 'lindy_circle', 'inside_turn', 'sugar_push', 'pass_by', 'lindy_circle', 'swingout', 'tuck_turn', 'sugar_push', 'pass_by', 'lindy_circle', 'pass_by', 'sugar_push', 'pass_by', 'outside_spin', 'sugar_push', 'pass_by', 'sweetheart', 'outside_turn', 'lindy_circle', 'groove_walk', 'lindy_circle', 'tuck_turn', 'sugar_push', 'pass_by', 'lindy_circle', 'tuck_turn', 'break', 'outside_turn', 'lindy_circle', 'tuck_turn', 'frankie´s_sixes', 'come_back', 'groove_walk', 'swingout', 'swingout', 'outside_turn', 'pass_by', 'sugar_push', 'tuck_turn', 'pass_by', 'come_back', 'basic_closed', 'break', 'sweetheart', 'pass_by', 'sugar_push', 'pass_by', 'sling_shot', 'lindy_circle', 'inside_turn', 'pass_by', 'come_back', 'basic_closed', 'break', 'sweetheart', 'inside_spin']""]"
ratingcont_L12F12_free_video,"['groove_walk', 'break', 'lindy_circle', 'swingout', 'pass_by', 'pass_by', 'lindy_circle', 'send_out', 'sugar_push', 'pass_by', 'barrel_turn', 'lindy_circle', 'tuck_turn', 'sugar_push', 'pass_by', 'basic_closed', 'basic_closed', 'basic_closed', 'swingout', 'lindy_circle', 'inside_turn', 'hand_to_hand', 'inside_turn', 'lindy_circle', 'tuck_turn', 'pass_by', 'sugar_push', 'pass_by', 'lindy_circle', 'inside_spin', 'outside_turn', 'sweetheart', 'barrel_turn', 'lindy_circle', 'tuck_turn', 'outside_spin', 'break', 'pass_by', 'sugar_push', 'swingout', 'lindy_circle', 'inside_turn', 'frankie´s_sixes', 'sugar_push', 'pass_by', 'lindy_circle', 'tuck_turn', 'pass_by', 'sugar_push', 'come_back', 'basic_closed', 'break', 'barrel_turn', 'outside_turn', 'basic_closed', 'lindy_circle', 'inside_turn', 'sugar_push', 'swingout', 'lindy_circle', 'tuck_turn', 'basic_closed', 'swingout', 'hand_to_hand', 'inside_turn', 'come_back', ""['groove_walk', 'break', 'lindy_circle', 'swingout', 'pass_by', 'pass_by', 'lindy_circle', 'send_out', 'sugar_push', 'pass_by', 'barrel_turn', 'lindy_circle', 'tuck_turn', 'sugar_push', 'pass_by', 'basic_closed', 'basic_closed', 'basic_closed', 'swingout', 'lindy_circle', 'inside_turn', 'hand_to_hand', 'inside_turn', 'lindy_circle', 'tuck_turn', 'pass_by', 'sugar_push', 'pass_by', 'lindy_circle', 'inside_spin', 'outside_turn', 'sweetheart', 'barrel_turn', 'lindy_circle', 'tuck_turn', 'outside_spin', 'break', 'pass_by', 'sugar_push', 'swingout', 'lindy_circle', 'inside_turn', 'frankie´s_sixes', 'sugar_push', 'pass_by', 'lindy_circle', 'tuck_turn', 'pass_by', 'sugar_push', 'come_back', 'basic_closed', 'break', 'barrel_turn', 'outside_turn', 'basic_closed', 'lindy_circle', 'inside_turn', 'sugar_push', 'swingout', 'lindy_circle', 'tuck_turn', 'basic_closed', 'swingout', 'hand_to_hand', 'inside_turn', 'come_back']""]"
ratingcont_L12F12_open_video,"['groove_walk', 'swingout', 'lindy_circle', 'tuck_turn', 'sugar_push', 'pass_by', 'swingout', 'outside_spin', 'pass_by', 'sugar_push', 'pass_by', 'come_back', 'swingout', 'switches', 'pass_by', 'pass_by', 'sugar_push', 'swingout', 'swingout', 'pass_by', 'come_back', 'basic_closed', 'tuck_turn', 'basic_closed', 'groove_walk', 'tuck_turn', 'lindy_circle', 'tuck_turn', 'frankie´s_sixes', 'basic_closed', 'tuck_turn', 'sugar_push', 'pass_by', 'break', 'swingout', 'outside_turn', 'sugar_push', 'pass_by', 'come_back', 'groove_walk', 'pass_by', 'lindy_circle', 'tuck_turn', 'switches', 'swingout', 'pass_by', 'frankie´s_sixes', 'basic_open', 'basic_open', 'lindy_circle', 'tuck_turn', 'sugar_push', 'pass_by', 'break', 'come_back', ""['groove_walk', 'swingout', 'lindy_circle', 'tuck_turn', 'sugar_push', 'pass_by', 'swingout', 'outside_spin', 'pass_by', 'sugar_push', 'pass_by', 'come_back', 'swingout', 'switches', 'pass_by', 'pass_by', 'sugar_push', 'swingout', 'swingout', 'pass_by', 'come_back', 'basic_closed', 'tuck_turn', 'basic_closed', 'groove_walk', 'tuck_turn', 'lindy_circle', 'tuck_turn', 'frankie´s_sixes', 'basic_closed', 'tuck_turn', 'sugar_push', 'pass_by', 'break', 'swingout', 'outside_turn', 'sugar_push', 'pass_by', 'come_back', 'groove_walk', 'pass_by', 'lindy_circle', 'tuck_turn', 'switches', 'swingout', 'pass_by', 'frankie´s_sixes', 'basic_open', 'basic_open', 'lindy_circle', 'tuck_turn', 'sugar_push', 'pass_by', 'break', 'come_back']""]"
ratingcont_L1F1_closed_video,"[""['come_back', 'basic_closed', 'tuck_turn', 'pass_by', 'pass_by', 'come_back', 'tuck_turn', 'pass_by', 'sugar_push', 'come_back', 'basic_closed', 'tuck_turn', 'pass_by', 'pass_by', 'come_back', 'break', 'tuck_turn', 'pass_by', 'sugar_push', 'pass_by', 'come_back', 'tuck_turn', 'pass_by', 'come_back', 'promenade', 'tuck_turn', 'pass_by', 'sweetheart', 'come_back', 'break', 'tuck_turn', 'pass_by', 'sweetheart', 'pass_by', 'outside_spin', 'come_back', 'groove_walk', 'inside_spin', 'come_back', 'send_out', 'pass_by', 'pass_by', 'come_back', 'swingout', 'swingout', 'swingout', 'come_back', 'groove_walk', 'tuck_turn', 'pass_by', 'sugar_push', 'pass_by', 'come_back', 'tuck_turn', 'pass_by', 'frankie´s_sixes', 'come_back']"", 'come_back', 'basic_closed', 'tuck_turn', 'pass_by', 'pass_by', 'come_back', 'tuck_turn', 'pass_by', 'sugar_push', 'come_back', 'basic_closed', 'tuck_turn', 'pass_by', 'pass_by', 'come_back', 'break', 'tuck_turn', 'pass_by', 'sugar_push', 'pass_by', 'come_back', 'tuck_turn', 'pass_by', 'come_back', 'promenade', 'tuck_turn', 'pass_by', 'sweetheart', 'come_back', 'break', 'tuck_turn', 'pass_by', 'sweetheart', 'pass_by', 'outside_spin', 'come_back', 'groove_walk', 'inside_spin', 'come_back', 'send_out', 'pass_by', 'pass_by', 'come_back', 'swingout', 'swingout', 'swingout', 'come_back', 'groove_walk', 'tuck_turn', 'pass_by', 'sugar_push', 'pass_by', 'come_back', 'tuck_turn', 'pass_by', 'frankie´s_sixes', 'come_back']"
ratingcont_L1F1_free_video,"[""['come_back', 'tuck_turn', 'pass_by', 'pass_by', 'come_back', 'swingout', 'pass_by', 'outside_spin', 'come_back', 'groove_walk', 'corridor', 'inside_spin', 'come_back', 'tuck_turn', 'pass_by', 'pass_by', 'come_back', 'promenade', 'tuck_turn', 'inside_turn', 'pass_by', 'come_back', 'swingout', 'swingout', 'lindy_circle', 'promenade', 'groove_walk', 'tuck_turn', 'pass_by', 'frankie´s_sixes', 'come_back', 'promenade', 'groove_walk', 'tuck_turn', 'pass_by', 'sugar_push', 'pass_by', 'come_back', 'swingout', 'swingout', 'come_back', 'outside_turn', 'pass_by', 'come_back', 'groove_walk', 'break', 'tuck_turn', 'pass_by', 'sugar_push', 'pass_by', 'break', 'come_back', 'tuck_turn', 'pass_by', 'pass_by', 'come_back']"", 'come_back', 'tuck_turn', 'pass_by', 'pass_by', 'come_back', 'swingout', 'pass_by', 'outside_spin', 'come_back', 'groove_walk', 'corridor', 'inside_spin', 'come_back', 'tuck_turn', 'pass_by', 'pass_by', 'come_back', 'promenade', 'tuck_turn', 'inside_turn', 'pass_by', 'come_back', 'swingout', 'swingout', 'lindy_circle', 'promenade', 'groove_walk', 'tuck_turn', 'pass_by', 'frankie´s_sixes', 'come_back', 'promenade', 'groove_walk', 'tuck_turn', 'pass_by', 'sugar_push', 'pass_by', 'come_back', 'swingout', 'swingout', 'come_back', 'outside_turn', 'pass_by', 'come_back', 'groove_walk', 'break', 'tuck_turn', 'pass_by', 'sugar_push', 'pass_by', 'break', 'come_back', 'tuck_turn', 'pass_by', 'pass_by', 'come_back']"
ratingcont_L1F1_open_video,"['pass_by', 'pass_by', 'come_back', 'tuck_turn', 'pass_by', 'pass_by', 'come_back', 'tuck_turn', 'pass_by', 'pass_by', 'pass_by', 'come_back', 'swingout', 'swingout', 'come_back', 'tuck_turn', 'pass_by', 'pass_by', 'groove_walk', 'sweetheart', 'pass_by', 'outside_spin', 'pass_by', 'come_back', 'swingout', 'pass_by', 'pass_by', 'break', 'pass_by', 'come_back', 'promenade', 'groove_walk', 'tuck_turn', 'pass_by', 'come_back', 'outside_turn', 'pass_by', 'come_back', 'basic_charleston', 'tuck_turn', 'pass_by', 'sugar_push', 'pass_by', 'pass_by', 'come_back', 'tuck_turn', 'pass_by', 'sugar_push', 'pass_by', 'swingout', 'swingout', 'lindy_circle', 'corridor', 'hand_to_hand_charleston', 'frankie´s_sixes', ""['pass_by', 'pass_by', 'come_back', 'tuck_turn', 'pass_by', 'pass_by', 'come_back', 'tuck_turn', 'pass_by', 'pass_by', 'pass_by', 'come_back', 'swingout', 'swingout', 'come_back', 'tuck_turn', 'pass_by', 'pass_by', 'groove_walk', 'sweetheart', 'pass_by', 'outside_spin', 'pass_by', 'come_back', 'swingout', 'pass_by', 'pass_by', 'break', 'pass_by', 'come_back', 'promenade', 'groove_walk', 'tuck_turn', 'pass_by', 'come_back', 'outside_turn', 'pass_by', 'come_back', 'basic_charleston', 'tuck_turn', 'pass_by', 'sugar_push', 'pass_by', 'pass_by', 'come_back', 'tuck_turn', 'pass_by', 'sugar_push', 'pass_by', 'swingout', 'swingout', 'lindy_circle', 'corridor', 'hand_to_hand_charleston', 'frankie´s_sixes']""]"
ratingcont_L2F2_closed_video,"['groove_walk', 'swingout', 'swingout', 'lindy_circle', 'break', 'swingout', 'break', 'lindy_circle', 'swingout', 'swingout', 'lindy_circle', 'break', 'tuck_turn', 'pass_by', 'pass_by', 'pass_by', 'lindy_circle', 'tuck_turn', 'pass_by', 'pass_by', 'pass_by', 'come_back', 'tuck_turn', 'come_back', 'tuck_turn', 'outside_spin', 'come_back', 'swingout', 'swingout', 'swingout', 'break', 'lindy_circle', 'break', 'send_out', 'break', 'swingout', 'swingout', 'lindy_circle', 'pop_turn', 'frankie´s_sixes', 'pass_by', 'break', 'lindy_circle', 'swingout', 'lindy_circle', 'tuck_turn', 'break', 'come_back', 'swingout', 'swingout', 'swingout', 'swingout', ""['groove_walk', 'swingout', 'swingout', 'lindy_circle', 'break', 'swingout', 'break', 'lindy_circle', 'swingout', 'swingout', 'lindy_circle', 'break', 'tuck_turn', 'pass_by', 'pass_by', 'pass_by', 'lindy_circle', 'tuck_turn', 'pass_by', 'pass_by', 'pass_by', 'come_back', 'tuck_turn', 'come_back', 'tuck_turn', 'outside_spin', 'come_back', 'swingout', 'swingout', 'swingout', 'break', 'lindy_circle', 'break', 'send_out', 'break', 'swingout', 'swingout', 'lindy_circle', 'pop_turn', 'frankie´s_sixes', 'pass_by', 'break', 'lindy_circle', 'swingout', 'lindy_circle', 'tuck_turn', 'break', 'come_back', 'swingout', 'swingout', 'swingout', 'swingout']""]"
ratingcont_L2F2_free_video,"['groove_walk', 'lindy_circle', 'swingout', 'swingout', 'break', 'lindy_circle', 'tuck_turn', 'outside_spin', 'pass_by', 'pass_by', 'swingout', 'pass_by', 'mini_dip', 'pass_by', 'outside_spin', 'pass_by', 'barrel_turn', 'break', 'lindy_circle', 'groove_walk', 'tuck_turn', 'frankie´s_sixes', 'lindy_circle', 'swingout', 'swingout', 'swingout', 'switches', 'lindy_circle', 'promenade', 'promenade', 'tuck_turn', 'outside_spin', 'break', 'pass_by', 'pass_by', 'break', 'pass_by', 'pass_by', 'lindy_circle', 'tuck_turn', 'break', 'come_back', 'send_out', 'pass_by', 'come_back', 'send_out', 'break', 'lindy_circle', 'tuck_turn', 'pass_by', 'lindy_circle', 'send_out', 'break', 'lindy_circle', 'tuck_turn', 'break', ""['groove_walk', 'lindy_circle', 'swingout', 'swingout', 'break', 'lindy_circle', 'tuck_turn', 'outside_spin', 'pass_by', 'pass_by', 'swingout', 'pass_by', 'mini_dip', 'pass_by', 'outside_spin', 'pass_by', 'barrel_turn', 'break', 'lindy_circle', 'groove_walk', 'tuck_turn', 'frankie´s_sixes', 'lindy_circle', 'swingout', 'swingout', 'swingout', 'switches', 'lindy_circle', 'promenade', 'promenade', 'tuck_turn', 'outside_spin', 'break', 'pass_by', 'pass_by', 'break', 'pass_by', 'pass_by', 'lindy_circle', 'tuck_turn', 'break', 'come_back', 'send_out', 'pass_by', 'come_back', 'send_out', 'break', 'lindy_circle', 'tuck_turn', 'pass_by', 'lindy_circle', 'send_out', 'break', 'lindy_circle', 'tuck_turn', 'break']""]"
ratingcont_L2F2_open_video,"['groove_walk', 'break', 'lindy_circle', 'tuck_turn', 'outside_spin', 'break', 'pass_by', 'pass_by', 'pass_by', 'hand_to_hand', 'pass_by', 'pass_by', 'lindy_circle', 'break', 'tuck_turn', 'swingout', 'switches', 'lindy_circle', 'swingout', 'send_out', 'break', 'pass_by', 'pass_by', 'break', 'pass_by', 'pass_by', 'pass_by', 'pass_by', 'pass_by', 'pass_by', 'pass_by', 'break', 'pass_by', 'pass_by', 'lindy_circle', 'tuck_turn', 'pass_by', 'barrel_turn', 'swingout', 'swingout', 'lindy_circle', 'break', 'send_out', 'pass_by', 'pass_by', 'lindy_circle', 'tuck_turn', 'pass_by', 'hand_to_hand', 'pass_by', 'pass_by', 'swingout', 'switches', 'lindy_circle', 'swingout', 'swingout', 'lindy_circle', ""['groove_walk', 'break', 'lindy_circle', 'tuck_turn', 'outside_spin', 'break', 'pass_by', 'pass_by', 'pass_by', 'hand_to_hand', 'pass_by', 'pass_by', 'lindy_circle', 'break', 'tuck_turn', 'swingout', 'switches', 'lindy_circle', 'swingout', 'send_out', 'break', 'pass_by', 'pass_by', 'break', 'pass_by', 'pass_by', 'pass_by', 'pass_by', 'pass_by', 'pass_by', 'pass_by', 'break', 'pass_by', 'pass_by', 'lindy_circle', 'tuck_turn', 'pass_by', 'barrel_turn', 'swingout', 'swingout', 'lindy_circle', 'break', 'send_out', 'pass_by', 'pass_by', 'lindy_circle', 'tuck_turn', 'pass_by', 'hand_to_hand', 'pass_by', 'pass_by', 'swingout', 'switches', 'lindy_circle', 'swingout', 'swingout', 'lindy_circle']""]"
ratingcont_L3F3_closed_video,"['groove_walk', 'tuck_turn', 'pass_by', 'sweetheart', 'pass_by', 'outside_spin', 'pass_by', 'pass_by', 'pass_by', 'pass_by', 'outside_spin', 'pass_by', 'pass_by', 'pass_by', 'come_back', 'groove_walk', 'basic_closed', 'promenade', 'promenade', 'send_out', 'pass_by', 'pass_by', 'pass_by', 'swingout', 'swingout', 'break', 'pass_by', 'sweetheart', 'pass_by', 'break', 'pass_by', 'sweetheart', 'pass_by', 'break', 'outside_turn', 'pass_by', 'swingout', 'lindy_circle', 'swingout', 'pass_by', 'pass_by', 'pass_by', 'come_back', 'break', 'send_out', 'pass_by', 'pass_by', 'outside_turn', 'outside_spin', 'outside_spin', 'barrel_turn', 'break', 'pass_by', 'groove_walk', 'come_back', 'send_out', 'break', 'pass_by', 'tuck_turn', 'pass_by', 'outside_spin', ""['groove_walk', 'tuck_turn', 'pass_by', 'sweetheart', 'pass_by', 'outside_spin', 'pass_by', 'pass_by', 'pass_by', 'pass_by', 'outside_spin', 'pass_by', 'pass_by', 'pass_by', 'come_back', 'groove_walk', 'basic_closed', 'promenade', 'promenade', 'send_out', 'pass_by', 'pass_by', 'pass_by', 'swingout', 'swingout', 'break', 'pass_by', 'sweetheart', 'pass_by', 'break', 'pass_by', 'sweetheart', 'pass_by', 'break', 'outside_turn', 'pass_by', 'swingout', 'lindy_circle', 'swingout', 'pass_by', 'pass_by', 'pass_by', 'come_back', 'break', 'send_out', 'pass_by', 'pass_by', 'outside_turn', 'outside_spin', 'outside_spin', 'barrel_turn', 'break', 'pass_by', 'groove_walk', 'come_back', 'send_out', 'break', 'pass_by', 'tuck_turn', 'pass_by', 'outside_spin']""]"
ratingcont_L3F3_free_video,"[""['groove_walk', 'send_out', 'pass_by', 'sugar_push', 'sugar_push', 'sugar_push', 'pass_by', 'pass_by', 'break', 'pass_by', 'pass_by', 'pass_by', 'pass_by', 'pass_by', 'pass_by', 'pass_by', 'pass_by', 'sweetheart', 'outside_spin', 'frankie´s_sixes', 'pass_by', 'break', 'pass_by', 'pass_by', 'inside_turn', 'pass_by', 'pass_by', 'pass_by', 'sling_shot', 'pass_by', 'lindy_circle', 'groove_walk', 'swingout', 'swingout', 'swingout', 'swingout', 'lindy_circle', 'tuck_turn', 'barrel_turn', 'break', 'pass_by', 'pass_by', 'pass_by', 'barrel_turn', 'break', 'pass_by', 'pass_by', 'pass_by', 'come_back', 'break', 'send_out', 'come_back', 'basic_closed', 'promenade']"", 'groove_walk', 'send_out', 'pass_by', 'sugar_push', 'sugar_push', 'sugar_push', 'pass_by', 'pass_by', 'break', 'pass_by', 'pass_by', 'pass_by', 'pass_by', 'pass_by', 'pass_by', 'pass_by', 'pass_by', 'sweetheart', 'outside_spin', 'frankie´s_sixes', 'pass_by', 'break', 'pass_by', 'pass_by', 'inside_turn', 'pass_by', 'pass_by', 'pass_by', 'sling_shot', 'pass_by', 'lindy_circle', 'groove_walk', 'swingout', 'swingout', 'swingout', 'swingout', 'lindy_circle', 'tuck_turn', 'barrel_turn', 'break', 'pass_by', 'pass_by', 'pass_by', 'barrel_turn', 'break', 'pass_by', 'pass_by', 'pass_by', 'come_back', 'break', 'send_out', 'come_back', 'basic_closed', 'promenade']"
ratingcont_L3F3_open_video,"['groove_walk', 'come_back', 'basic_closed', 'tuck_turn', 'come_back', 'basic_closed', 'send_out', 'pass_by', 'break', 'pass_by', 'come_back', 'tuck_turn', 'break', 'pass_by', 'break', 'pass_by', 'swingout', 'swingout', 'break', 'come_back', 'swingout', 'come_back', 'tuck_turn', 'sweetheart', 'pass_by', 'come_back', 'break', 'pass_by', 'break', 'pass_by', 'swingout', ""['groove_walk', 'come_back', 'basic_closed', 'tuck_turn', 'come_back', 'basic_closed', 'send_out', 'pass_by', 'break', 'pass_by', 'come_back', 'tuck_turn', 'break', 'pass_by', 'break', 'pass_by', 'swingout', 'swingout', 'break', 'come_back', 'swingout', 'come_back', 'tuck_turn', 'sweetheart', 'pass_by', 'come_back', 'break', 'pass_by', 'break', 'pass_by', 'swingout']""]"
ratingcont_L4F4_closed_video,"['swingout', 'pass_by', 'pass_by', 'come_back', 'send_out', 'break', 'pass_by', 'sweetheart', 'frankie´s_sixes', 'swingout', 'basic_closed', 'tuck_turn', 'outside_spin', 'pass_by', 'lindy_circle', 'basic_closed', 'corridor', 'basic_closed', 'send_out', 'pass_by', 'pass_by', 'sweetheart', 'pass_by', 'swingout', 'pass_by', 'pass_by', 'come_back', 'swingout', 'break', 'come_back', 'swingout', 'pass_by', 'pass_by', 'sweetheart', 'come_back', 'tuck_turn', 'pass_by', 'pass_by', 'pass_by', 'pass_by', 'lindy_circle', 'basic_closed', 'tuck_turn', 'pass_by', 'come_back', 'send_out', 'pass_by', 'come_back', 'break', 'basic_closed', 'corridor', 'swingout', ""['swingout', 'pass_by', 'pass_by', 'come_back', 'send_out', 'break', 'pass_by', 'sweetheart', 'frankie´s_sixes', 'swingout', 'basic_closed', 'tuck_turn', 'outside_spin', 'pass_by', 'lindy_circle', 'basic_closed', 'corridor', 'basic_closed', 'send_out', 'pass_by', 'pass_by', 'sweetheart', 'pass_by', 'swingout', 'pass_by', 'pass_by', 'come_back', 'swingout', 'break', 'come_back', 'swingout', 'pass_by', 'pass_by', 'sweetheart', 'come_back', 'tuck_turn', 'pass_by', 'pass_by', 'pass_by', 'pass_by', 'lindy_circle', 'basic_closed', 'tuck_turn', 'pass_by', 'come_back', 'send_out', 'pass_by', 'come_back', 'break', 'basic_closed', 'corridor', 'swingout']""]"
ratingcont_L4F4_free_video,"['groove_walk', 'swingout', 'swingout', 'corridor', 'pass_by', 'pass_by', 'pass_by', 'pass_by', 'come_back', 'break', 'pass_by', 'pass_by', 'pass_by', 'sweetheart', 'come_back', 'swingout', 'swingout', 'pass_by', 'pass_by', 'basic_open', 'pass_by', 'break', 'pass_by', 'pass_by', 'come_back', 'basic_closed', 'lindy_circle', 'swingout', 'pass_by', 'break', 'pass_by', 'pass_by', 'come_back', 'send_out', 'break', 'pass_by', 'pass_by', 'sweetheart', 'pass_by', 'come_back', 'basic_closed', 'basic_closed', 'swingout', 'send_out', 'pass_by', 'pass_by', 'outside_spin', 'pass_by', 'pass_by', 'come_back', 'swingout', 'pass_by', 'come_back', 'swingout', 'break', 'pass_by', 'come_back', 'send_out', 'pass_by', 'pass_by', ""['groove_walk', 'swingout', 'swingout', 'corridor', 'pass_by', 'pass_by', 'pass_by', 'pass_by', 'come_back', 'break', 'pass_by', 'pass_by', 'pass_by', 'sweetheart', 'come_back', 'swingout', 'swingout', 'pass_by', 'pass_by', 'basic_open', 'pass_by', 'break', 'pass_by', 'pass_by', 'come_back', 'basic_closed', 'lindy_circle', 'swingout', 'pass_by', 'break', 'pass_by', 'pass_by', 'come_back', 'send_out', 'break', 'pass_by', 'pass_by', 'sweetheart', 'pass_by', 'come_back', 'basic_closed', 'basic_closed', 'swingout', 'send_out', 'pass_by', 'pass_by', 'outside_spin', 'pass_by', 'pass_by', 'come_back', 'swingout', 'pass_by', 'come_back', 'swingout', 'break', 'pass_by', 'come_back', 'send_out', 'pass_by', 'pass_by']""]"
ratingcont_L4F4_open_video,"[""['swingout', 'pass_by', 'come_back', 'tuck_turn', 'outside_spin', 'pass_by', 'basic_open', 'pass_by', 'break', 'pass_by', 'pass_by', 'pass_by', 'lindy_circle', 'tuck_turn', 'pass_by', 'come_back', 'send_out', 'break', 'pass_by', 'outside_spin', 'pass_by', 'come_back', 'swingout', 'pass_by', 'sugar_push', 'sugar_push', 'pass_by', 'come_back', 'break', 'send_out', 'pass_by', 'pass_by', 'pass_by', 'come_back', 'send_out', 'pass_by', 'lindy_circle', 'tuck_turn', 'break', 'pass_by', 'sweetheart', 'pass_by', 'come_back', 'swingout', 'pass_by', 'break', 'pass_by', 'break', 'pass_by', 'come_back', 'corridor', 'swingout', 'break', 'pass_by', 'pass_by', 'break', 'switches', 'pass_by', 'come_back', 'corridor']"", 'swingout', 'pass_by', 'come_back', 'tuck_turn', 'outside_spin', 'pass_by', 'basic_open', 'pass_by', 'break', 'pass_by', 'pass_by', 'pass_by', 'lindy_circle', 'tuck_turn', 'pass_by', 'come_back', 'send_out', 'break', 'pass_by', 'outside_spin', 'pass_by', 'come_back', 'swingout', 'pass_by', 'sugar_push', 'sugar_push', 'pass_by', 'come_back', 'break', 'send_out', 'pass_by', 'pass_by', 'pass_by', 'come_back', 'send_out', 'pass_by', 'lindy_circle', 'tuck_turn', 'break', 'pass_by', 'sweetheart', 'pass_by', 'come_back', 'swingout', 'pass_by', 'break', 'pass_by', 'break', 'pass_by', 'come_back', 'corridor', 'swingout', 'break', 'pass_by', 'pass_by', 'break', 'switches', 'pass_by', 'come_back', 'corridor']"
ratingcont_L5F5_closed_video,"[""['basic_closed', 'tuck_turn', 'pass_by', 'pass_by', 'sweetheart', 'pass_by', 'outside_spin', 'pass_by', 'swingout', 'pass_by', 'pass_by', 'pass_by', 'sugar_push', 'pass_by', 'pass_by', 'swingout', 'pass_by', 'pass_by', 'frankie´s_sixes', 'pass_by', 'swingout', 'pass_by', 'pass_by', 'sweetheart', 'pass_by', 'pass_by', 'pass_by', 'pass_by', 'lindy_circle', 'tuck_turn', 'pass_by', 'pass_by', 'sailor_kicks', 'pass_by', 'frankie´s_sixes', 'pass_by', 'pass_by', 'frankie´s_sixes', 'break', 'pass_by', 'swingout', 'pass_by', 'pass_by', 'frankie´s_sixes', 'pass_by', 'swingout', 'pass_by', 'pass_by', 'pass_by', 'pass_by', 'swingout']"", 'basic_closed', 'tuck_turn', 'pass_by', 'pass_by', 'sweetheart', 'pass_by', 'outside_spin', 'pass_by', 'swingout', 'pass_by', 'pass_by', 'pass_by', 'sugar_push', 'pass_by', 'pass_by', 'swingout', 'pass_by', 'pass_by', 'frankie´s_sixes', 'pass_by', 'swingout', 'pass_by', 'pass_by', 'sweetheart', 'pass_by', 'pass_by', 'pass_by', 'pass_by', 'lindy_circle', 'tuck_turn', 'pass_by', 'pass_by', 'sailor_kicks', 'pass_by', 'frankie´s_sixes', 'pass_by', 'pass_by', 'frankie´s_sixes', 'break', 'pass_by', 'swingout', 'pass_by', 'pass_by', 'frankie´s_sixes', 'pass_by', 'swingout', 'pass_by', 'pass_by', 'pass_by', 'pass_by', 'swingout']"
ratingcont_L5F5_free_video,"['basic_closed', 'tuck_turn', 'pass_by', 'pass_by', 'swingout', 'pass_by', 'break', 'outside_spin', 'pass_by', 'come_back', 'basic_closed', 'basic_closed', 'basic_closed', 'tuck_turn', 'pass_by', 'pass_by', 'frankie´s_sixes', 'pass_by', 'swingout', 'pass_by', 'lindy_circle', 'tuck_turn', 'pass_by', 'come_back', 'tuck_turn', 'pass_by', 'pass_by', 'pass_by', 'pass_by', 'frankie´s_sixes', 'pass_by', 'outside_spin', 'pass_by', 'swingout', 'pass_by', 'lindy_circle', 'tuck_turn', 'break', 'inside_turn', 'come_back', 'tuck_turn', 'pass_by', 'frankie´s_sixes', 'pass_by', 'swingout', 'pass_by', 'outside_spin', 'pass_by', 'swingout', 'pass_by', 'pass_by', 'swingout', 'pass_by', 'pass_by', 'pass_by', 'sailor_kicks', 'pass_by', 'sweetheart', ""['basic_closed', 'tuck_turn', 'pass_by', 'pass_by', 'swingout', 'pass_by', 'break', 'outside_spin', 'pass_by', 'come_back', 'basic_closed', 'basic_closed', 'basic_closed', 'tuck_turn', 'pass_by', 'pass_by', 'frankie´s_sixes', 'pass_by', 'swingout', 'pass_by', 'lindy_circle', 'tuck_turn', 'pass_by', 'come_back', 'tuck_turn', 'pass_by', 'pass_by', 'pass_by', 'pass_by', 'frankie´s_sixes', 'pass_by', 'outside_spin', 'pass_by', 'swingout', 'pass_by', 'lindy_circle', 'tuck_turn', 'break', 'inside_turn', 'come_back', 'tuck_turn', 'pass_by', 'frankie´s_sixes', 'pass_by', 'swingout', 'pass_by', 'outside_spin', 'pass_by', 'swingout', 'pass_by', 'pass_by', 'swingout', 'pass_by', 'pass_by', 'pass_by', 'sailor_kicks', 'pass_by', 'sweetheart']""]"
ratingcont_L5F5_open_video,"[""['basic_closed', 'tuck_turn', 'pass_by', 'sweetheart', 'pass_by', 'pass_by', 'pass_by', 'swingout', 'pass_by', 'sailor_kicks', 'pass_by', 'frankie´s_sixes', 'barrel_turn', 'swingout', 'pass_by', 'pass_by', 'pass_by', 'pass_by', 'pass_by', 'pass_by', 'pass_by', 'pass_by', 'pass_by', 'frankie´s_sixes', 'pass_by', 'swingout', 'pass_by', 'lindy_circle', 'tuck_turn', 'outside_spin', 'pass_by', 'pass_by', 'swingout', 'pass_by', 'pass_by', 'pass_by', 'pass_by', 'swingout', 'pass_by', 'pass_by', 'break', 'pass_by', 'swingout', 'pass_by', 'pass_by', 'pass_by', 'sweetheart', 'pass_by', 'swingout', 'pass_by', 'pass_by', 'sweetheart', 'pass_by']"", 'basic_closed', 'tuck_turn', 'pass_by', 'sweetheart', 'pass_by', 'pass_by', 'pass_by', 'swingout', 'pass_by', 'sailor_kicks', 'pass_by', 'frankie´s_sixes', 'barrel_turn', 'swingout', 'pass_by', 'pass_by', 'pass_by', 'pass_by', 'pass_by', 'pass_by', 'pass_by', 'pass_by', 'pass_by', 'frankie´s_sixes', 'pass_by', 'swingout', 'pass_by', 'lindy_circle', 'tuck_turn', 'outside_spin', 'pass_by', 'pass_by', 'swingout', 'pass_by', 'pass_by', 'pass_by', 'pass_by', 'swingout', 'pass_by', 'pass_by', 'break', 'pass_by', 'swingout', 'pass_by', 'pass_by', 'pass_by', 'sweetheart', 'pass_by', 'swingout', 'pass_by', 'pass_by', 'sweetheart', 'pass_by']"
ratingcont_L6F6_closed_video,"['groove_walk', 'basic_closed', 'basic_closed', 'basic_closed', 'send_out', 'break', 'pass_by', 'sugar_push', 'pass_by', 'lindy_circle', 'send_out', 'pass_by', 'pass_by', 'swingout', 'swingout', 'swingout', 'break', 'barrel_turn', 'sweetheart', 'outside_spin', 'pass_by', 'break', 'swingout', 'break', 'pass_by', 'lindy_circle', 'send_out', 'pass_by', 'outside_spin', 'pass_by', 'sugar_push', 'pass_by', 'lindy_circle', 'tuck_turn', 'outside_spin', 'pass_by', 'break', 'pass_by', 'barrel_turn', 'break', 'pass_by', 'lindy_circle', 'tuck_turn', 'pass_by', 'switches', 'pass_by', 'lindy_circle', 'tuck_turn', 'pass_by', 'swingout', 'pass_by', 'break', 'pass_by', 'outside_spin', 'pass_by', 'lindy_circle', 'basic_closed', 'tuck_turn', 'pass_by', 'pass_by', 'lindy_circle', 'tuck_turn', ""['groove_walk', 'basic_closed', 'basic_closed', 'basic_closed', 'send_out', 'break', 'pass_by', 'sugar_push', 'pass_by', 'lindy_circle', 'send_out', 'pass_by', 'pass_by', 'swingout', 'swingout', 'swingout', 'break', 'barrel_turn', 'sweetheart', 'outside_spin', 'pass_by', 'break', 'swingout', 'break', 'pass_by', 'lindy_circle', 'send_out', 'pass_by', 'outside_spin', 'pass_by', 'sugar_push', 'pass_by', 'lindy_circle', 'tuck_turn', 'outside_spin', 'pass_by', 'break', 'pass_by', 'barrel_turn', 'break', 'pass_by', 'lindy_circle', 'tuck_turn', 'pass_by', 'switches', 'pass_by', 'lindy_circle', 'tuck_turn', 'pass_by', 'swingout', 'pass_by', 'break', 'pass_by', 'outside_spin', 'pass_by', 'lindy_circle', 'basic_closed', 'tuck_turn', 'pass_by', 'pass_by', 'lindy_circle', 'tuck_turn']""]"
ratingcont_L6F6_free_video,"['groove_walk', 'pass_by', 'lindy_circle', 'swingout', 'sugar_push', 'pass_by', 'swingout', 'pass_by', 'pass_by', 'barrel_turn', 'pass_by', 'break', 'lindy_circle', 'basic_closed', 'tuck_turn', 'pass_by', 'break', 'lindy_circle', 'promenade', 'swingout', 'swingout', 'swingout', 'break', 'come_back', 'basic_closed', 'tuck_turn', 'outside_spin', 'barrel_turn', 'break', 'pass_by', 'sugar_push', 'pass_by', 'lindy_circle', 'basic_closed', 'lindy_circle', 'tuck_turn', 'pass_by', 'lindy_circle', 'send_out', 'sugar_push', 'sailor_kicks', 'pass_by', 'swingout', 'lindy_circle', 'tuck_turn', 'pass_by', 'lindy_circle', 'send_out', 'pass_by', 'outside_spin', 'pass_by', 'lindy_circle', 'tuck_turn', 'break', 'lindy_circle', 'swingout', 'swingout', 'break', 'lindy_circle', ""['groove_walk', 'pass_by', 'lindy_circle', 'swingout', 'sugar_push', 'pass_by', 'swingout', 'pass_by', 'pass_by', 'barrel_turn', 'pass_by', 'break', 'lindy_circle', 'basic_closed', 'tuck_turn', 'pass_by', 'break', 'lindy_circle', 'promenade', 'swingout', 'swingout', 'swingout', 'break', 'come_back', 'basic_closed', 'tuck_turn', 'outside_spin', 'barrel_turn', 'break', 'pass_by', 'sugar_push', 'pass_by', 'lindy_circle', 'basic_closed', 'lindy_circle', 'tuck_turn', 'pass_by', 'lindy_circle', 'send_out', 'sugar_push', 'sailor_kicks', 'pass_by', 'swingout', 'lindy_circle', 'tuck_turn', 'pass_by', 'lindy_circle', 'send_out', 'pass_by', 'outside_spin', 'pass_by', 'lindy_circle', 'tuck_turn', 'break', 'lindy_circle', 'swingout', 'swingout', 'break', 'lindy_circle']""]"
ratingcont_L6F6_open_video,"['groove_walk', 'pass_by', 'pass_by', 'pass_by', 'lindy_circle', 'swingout', 'lindy_circle', 'send_out', 'sugar_push', 'pass_by', 'swingout', 'come_back', 'tuck_turn', 'pass_by', ""['groove_walk', 'pass_by', 'pass_by', 'pass_by', 'lindy_circle', 'swingout', 'lindy_circle', 'send_out', 'sugar_push', 'pass_by', 'swingout', 'come_back', 'tuck_turn', 'pass_by']""]"
ratingcont_L7F7_closed_video,"['groove_walk', 'basic_closed', 'tuck_turn', 'pass_by', 'mini_dip', 'come_back', 'basic_closed', 'tuck_turn', 'outside_spin', 'pass_by', 'swingout', 'lindy_circle', 'break', 'tuck_turn', 'pass_by', 'pass_by', 'outside_turn', 'pass_by', 'swingout', 'pass_by', 'swingout', 'pass_by', 'pass_by', 'barrel_turn', 'outside_turn', 'sugar_push', 'sugar_push', 'sweetheart', 'pass_by', 'swingout', 'inside_turn', 'swingout', 'outside_spin', 'outside_turn', 'pass_by', 'pass_by', 'break', 'come_back', 'groove_walk', 'basic_closed', 'pass_by', 'sweetheart', 'break', 'barrel_turn', 'sweetheart', 'barrel_turn', 'sweetheart', 'inside_turn', 'basic_closed', 'swingout', 'swingout', 'basic_closed', 'pop_turn', ""['groove_walk', 'basic_closed', 'tuck_turn', 'pass_by', 'mini_dip', 'come_back', 'basic_closed', 'tuck_turn', 'outside_spin', 'pass_by', 'swingout', 'lindy_circle', 'break', 'tuck_turn', 'pass_by', 'pass_by', 'outside_turn', 'pass_by', 'swingout', 'pass_by', 'swingout', 'pass_by', 'pass_by', 'barrel_turn', 'outside_turn', 'sugar_push', 'sugar_push', 'sweetheart', 'pass_by', 'swingout', 'inside_turn', 'swingout', 'outside_spin', 'outside_turn', 'pass_by', 'pass_by', 'break', 'come_back', 'groove_walk', 'basic_closed', 'pass_by', 'sweetheart', 'break', 'barrel_turn', 'sweetheart', 'barrel_turn', 'sweetheart', 'inside_turn', 'basic_closed', 'swingout', 'swingout', 'basic_closed', 'pop_turn']""]"
ratingcont_L7F7_free_video,"['groove_walk', 'basic_closed', 'tuck_turn', 'pass_by', 'pass_by', 'sweetheart', 'break', 'pass_by', 'pass_by', 'come_back', 'groove_walk', 'tuck_turn', 'pass_by', 'come_back', 'break', 'basic_closed', 'send_out', 'outside_spin', 'pass_by', 'break', 'pass_by', 'swingout', 'swingout', 'outside_turn', 'pass_by', 'barrel_turn', 'break', 'pass_by', 'sweetheart', 'barrel_turn', 'come_back', 'basic_closed', 'break', 'tuck_turn', 'pass_by', 'break', 'pass_by', 'break', 'promenade', 'tuck_turn', 'pass_by', 'barrel_turn', 'pass_by', 'sweetheart', 'pass_by', 'pass_by', 'barrel_turn', 'break', 'tuck_turn', 'pass_by', 'sugar_push', 'sugar_push', 's_turn', 'tandem', 'tandem', 'break', ""['groove_walk', 'basic_closed', 'tuck_turn', 'pass_by', 'pass_by', 'sweetheart', 'break', 'pass_by', 'pass_by', 'come_back', 'groove_walk', 'tuck_turn', 'pass_by', 'come_back', 'break', 'basic_closed', 'send_out', 'outside_spin', 'pass_by', 'break', 'pass_by', 'swingout', 'swingout', 'outside_turn', 'pass_by', 'barrel_turn', 'break', 'pass_by', 'sweetheart', 'barrel_turn', 'come_back', 'basic_closed', 'break', 'tuck_turn', 'pass_by', 'break', 'pass_by', 'break', 'promenade', 'tuck_turn', 'pass_by', 'barrel_turn', 'pass_by', 'sweetheart', 'pass_by', 'pass_by', 'barrel_turn', 'break', 'tuck_turn', 'pass_by', 'sugar_push', 'sugar_push', 's_turn', 'tandem', 'tandem', 'break']""]"
ratingcont_L7F7_open_video,"[""['groove_walk', 'tuck_turn', 'pass_by', 'pass_by', 'barrel_turn', 'pass_by', 'pass_by', 'tuck_turn', 'pass_by', 'pass_by', 'sweetheart', 'lindy_circle', 'break', 'send_out', 'pass_by', 'pass_by', 'swingout', 'pass_by', 'sweetheart', 'groove_walk', 'pass_by', 'pass_by', 'pass_by', 'swingout', 'break', 'pass_by', 'swingout', 'break', 'pass_by', 'pass_by', 'break', 'inside_turn', 'swingout', 'pass_by', 'break', 'inside_turn', 'tuck_turn', 'outside_turn', 'pass_by', 'break', 'outside_spin', 'pass_by', 'hallelujah_rocks', 'break', 'outside_turn', 'pass_by', 'pass_by', 'pass_by', 'sweetheart', 'pass_by', 'pass_by', 'outside_turn', 'pass_by', 'break', 'swingout', 'swingout', 'pass_by', 'pass_by', 'pass_by']"", 'groove_walk', 'tuck_turn', 'pass_by', 'pass_by', 'barrel_turn', 'pass_by', 'pass_by', 'tuck_turn', 'pass_by', 'pass_by', 'sweetheart', 'lindy_circle', 'break', 'send_out', 'pass_by', 'pass_by', 'swingout', 'pass_by', 'sweetheart', 'groove_walk', 'pass_by', 'pass_by', 'pass_by', 'swingout', 'break', 'pass_by', 'swingout', 'break', 'pass_by', 'pass_by', 'break', 'inside_turn', 'swingout', 'pass_by', 'break', 'inside_turn', 'tuck_turn', 'outside_turn', 'pass_by', 'break', 'outside_spin', 'pass_by', 'hallelujah_rocks', 'break', 'outside_turn', 'pass_by', 'pass_by', 'pass_by', 'sweetheart', 'pass_by', 'pass_by', 'outside_turn', 'pass_by', 'break', 'swingout', 'swingout', 'pass_by', 'pass_by', 'pass_by']"
ratingcont_L8F8_closed_video,"['groove_walk', 'basic_closed', 'basic_closed', 'basic_closed', 'basic_closed', 'tuck_turn', 'pass_by', 'pass_by', 'inside_turn', 'inside_turn', 'inside_turn', 'barrel_turn', 'outside_spin', 'sweetheart', 'pass_by', 'pass_by', 'swingout', 'come_back', 'basic_closed', 'basic_closed', 'tuck_turn', 'pass_by', 'pass_by', 'pass_by', 'swingout', 'swingout', 'swingout', 'pass_by', 'pass_by', 'pass_by', 'pass_by', 'come_back', 'basic_closed', 'send_out', 'sailor_kicks', 'barrel_turn', 'sweetheart', 'pass_by', 'pass_by', 'come_back', 'basic_closed', 'basic_closed', 'basic_closed', 'tuck_turn', 'pass_by', 'pass_by', 'come_back', 'basic_closed', 'basic_closed', 'tuck_turn', 'swingout', 'swingout', 'inside_turn', 'inside_turn', 'pass_by', 'pass_by', ""['groove_walk', 'basic_closed', 'basic_closed', 'basic_closed', 'basic_closed', 'tuck_turn', 'pass_by', 'pass_by', 'inside_turn', 'inside_turn', 'inside_turn', 'barrel_turn', 'outside_spin', 'sweetheart', 'pass_by', 'pass_by', 'swingout', 'come_back', 'basic_closed', 'basic_closed', 'tuck_turn', 'pass_by', 'pass_by', 'pass_by', 'swingout', 'swingout', 'swingout', 'pass_by', 'pass_by', 'pass_by', 'pass_by', 'come_back', 'basic_closed', 'send_out', 'sailor_kicks', 'barrel_turn', 'sweetheart', 'pass_by', 'pass_by', 'come_back', 'basic_closed', 'basic_closed', 'basic_closed', 'tuck_turn', 'pass_by', 'pass_by', 'come_back', 'basic_closed', 'basic_closed', 'tuck_turn', 'swingout', 'swingout', 'inside_turn', 'inside_turn', 'pass_by', 'pass_by']""]"
ratingcont_L8F8_free_video,"['groove_walk', 'pass_by', 'swingout', 'pass_by', 'swingout', 'come_back', 'basic_closed', 'basic_closed', 'tuck_turn', 'pass_by', 'pass_by', 'come_back', 'basic_closed', 'basic_closed', 'tuck_turn', 'pass_by', 'come_back', 'basic_closed', 'basic_closed', 'basic_closed', 'corridor', 'tuck_turn', 'outside_spin', 'pass_by', 'pass_by', 'come_back', 'tuck_turn', 'pass_by', 'pass_by', 'come_back', 'basic_closed', 'basic_closed', 'tuck_turn', 'pass_by', 'pass_by', 'basic_open', 'pass_by', 'pass_by', 'swingout', 'swingout', 'swingout', 'pass_by', 'pass_by', 'pass_by', 'swingout', 'come_back', 'basic_closed', 'promenade', 'send_out', 'swingout', 'pass_by', 'come_back', 'promenade', 'basic_closed', 'basic_closed', 'tuck_turn', 'outside_spin', 'pass_by', 'pass_by', 'pass_by', 'basic_open', 'pass_by', ""['groove_walk', 'pass_by', 'swingout', 'pass_by', 'swingout', 'come_back', 'basic_closed', 'basic_closed', 'tuck_turn', 'pass_by', 'pass_by', 'come_back', 'basic_closed', 'basic_closed', 'tuck_turn', 'pass_by', 'come_back', 'basic_closed', 'basic_closed', 'basic_closed', 'corridor', 'tuck_turn', 'outside_spin', 'pass_by', 'pass_by', 'come_back', 'tuck_turn', 'pass_by', 'pass_by', 'come_back', 'basic_closed', 'basic_closed', 'tuck_turn', 'pass_by', 'pass_by', 'basic_open', 'pass_by', 'pass_by', 'swingout', 'swingout', 'swingout', 'pass_by', 'pass_by', 'pass_by', 'swingout', 'come_back', 'basic_closed', 'promenade', 'send_out', 'swingout', 'pass_by', 'come_back', 'promenade', 'basic_closed', 'basic_closed', 'tuck_turn', 'outside_spin', 'pass_by', 'pass_by', 'pass_by', 'basic_open', 'pass_by']""]"
ratingcont_L8F8_open_video,"['groove_walk', 'basic_closed', 'tuck_turn', 'pass_by', 'break', 'pass_by', 'pass_by', 'break', 'pass_by', 'pass_by', 'pass_by', 'break', 'pass_by', 'come_back', 'basic_closed', 'basic_closed', 'tuck_turn', 'pass_by', 'pass_by', 'basic_open', 'break', 'pass_by', 'pass_by', 'pass_by', 'switches', 'pass_by', 'pass_by', 'pass_by', 'basic_open', 'break', 'pass_by', 'come_back', 'basic_closed', 'basic_closed', 'break', 'basic_closed', 'tuck_turn', 'pass_by', 'break', 'pass_by', 'come_back', 'basic_closed', 'tuck_turn', 'break', 'pass_by', 'pass_by', 'basic_open', 'swingout', 'come_back', 'tuck_turn', 'pass_by', 'break', 'pass_by', 'pass_by', 'break', ""['groove_walk', 'basic_closed', 'tuck_turn', 'pass_by', 'break', 'pass_by', 'pass_by', 'break', 'pass_by', 'pass_by', 'pass_by', 'break', 'pass_by', 'come_back', 'basic_closed', 'basic_closed', 'tuck_turn', 'pass_by', 'pass_by', 'basic_open', 'break', 'pass_by', 'pass_by', 'pass_by', 'switches', 'pass_by', 'pass_by', 'pass_by', 'basic_open', 'break', 'pass_by', 'come_back', 'basic_closed', 'basic_closed', 'break', 'basic_closed', 'tuck_turn', 'pass_by', 'break', 'pass_by', 'come_back', 'basic_closed', 'tuck_turn', 'break', 'pass_by', 'pass_by', 'basic_open', 'swingout', 'come_back', 'tuck_turn', 'pass_by', 'break', 'pass_by', 'pass_by', 'break']""]"
ratingcont_L9F9_closed_video,"['groove_walk', 'pass_by', 'sweetheart', 'pass_by', 'sugar_push', 'sweetheart', 'pass_by', 'frankie´s_sixes', 'pass_by', 'pass_by', 'pass_by', 'swingout', 'pass_by', 'frankie´s_sixes', 'pass_by', 'pass_by', 'hand_to_hand', 'pass_by', 'come_back', 'tuck_turn', 'pass_by', 'swingout', 'swingout', 'pass_by', 'swingout', 'outside_turn', 'pass_by', 'swingout', 'inside_turn', 'pass_by', 'pass_by', 'frankie´s_sixes', 'pass_by', 'sugar_push', 'pass_by', 'pass_by', 'sugar_push', 'outside_spin', 'pass_by', 'sugar_push', 'swingout', 'swingout', 'pass_by', 'pass_by', 'pass_by', 'pass_by', 'pass_by', 'sugar_push', 'swingout', 'corridor', 'pass_by', 'frankie´s_sixes', ""['groove_walk', 'pass_by', 'sweetheart', 'pass_by', 'sugar_push', 'sweetheart', 'pass_by', 'frankie´s_sixes', 'pass_by', 'pass_by', 'pass_by', 'swingout', 'pass_by', 'frankie´s_sixes', 'pass_by', 'pass_by', 'hand_to_hand', 'pass_by', 'come_back', 'tuck_turn', 'pass_by', 'swingout', 'swingout', 'pass_by', 'swingout', 'outside_turn', 'pass_by', 'swingout', 'inside_turn', 'pass_by', 'pass_by', 'frankie´s_sixes', 'pass_by', 'sugar_push', 'pass_by', 'pass_by', 'sugar_push', 'outside_spin', 'pass_by', 'sugar_push', 'swingout', 'swingout', 'pass_by', 'pass_by', 'pass_by', 'pass_by', 'pass_by', 'sugar_push', 'swingout', 'corridor', 'pass_by', 'frankie´s_sixes']""]"
ratingcont_L9F9_free_video,"['groove_walk', 'pass_by', 'pass_by', 'swingout', 'pass_by', 'swingout', 'pass_by', 'hand_to_hand', 'pass_by', 'sugar_push', 'pass_by', 'outside_spin', 'pass_by', 'pass_by', 'sugar_push', 'sweetheart', 'pass_by', 'inside_spin', 'pass_by', 'pass_by', 'swingout', 'swingout', 'outside_turn', 'pass_by', 'sugar_push', 'sling_shot', 'sling_shot', 'pass_by', 'sugar_push', 'pass_by', 'sugar_push', 'swingout', 'pass_by', 'frankie´s_sixes', 'corridor', 'pass_by', 'frankie´s_sixes', 'pass_by', 'pass_by', 'pass_by', 'frankie´s_sixes', 'come_back', 'basic_closed', 'tuck_turn', 'basic_closed', 'swingout', 'basic_closed', 'tuck_turn', ""['groove_walk', 'pass_by', 'pass_by', 'swingout', 'pass_by', 'swingout', 'pass_by', 'hand_to_hand', 'pass_by', 'sugar_push', 'pass_by', 'outside_spin', 'pass_by', 'pass_by', 'sugar_push', 'sweetheart', 'pass_by', 'inside_spin', 'pass_by', 'pass_by', 'swingout', 'swingout', 'outside_turn', 'pass_by', 'sugar_push', 'sling_shot', 'sling_shot', 'pass_by', 'sugar_push', 'pass_by', 'sugar_push', 'swingout', 'pass_by', 'frankie´s_sixes', 'corridor', 'pass_by', 'frankie´s_sixes', 'pass_by', 'pass_by', 'pass_by', 'frankie´s_sixes', 'come_back', 'basic_closed', 'tuck_turn', 'basic_closed', 'swingout', 'basic_closed', 'tuck_turn']""]"
ratingcont_L9F9_open_video,"['groove_walk', 'sugar_push', 'pass_by', 'pass_by', 'pass_by', 'sugar_push', 'frankie´s_sixes', 'pass_by', 'pass_by', 'outside_spin', 'pass_by', 'frankie´s_sixes', 'pass_by', 'pass_by', 'frankie´s_sixes', 'pass_by', 'swingout', 'pass_by', 'pass_by', 'sugar_push', 'pass_by', 'swingout', 'pass_by', 'pass_by', 'outside_spin', 'pass_by', 'outside_spin', 'frankie´s_sixes', 'pass_by', 'pass_by', 'pass_by', 'pass_by', 'pass_by', 'sugar_push', 'pass_by', 'pass_by', 'swingout', 'swingout', 'pass_by', 'sugar_push', 'pass_by', 'pass_by', ""['groove_walk', 'sugar_push', 'pass_by', 'pass_by', 'pass_by', 'sugar_push', 'frankie´s_sixes', 'pass_by', 'pass_by', 'outside_spin', 'pass_by', 'frankie´s_sixes', 'pass_by', 'pass_by', 'frankie´s_sixes', 'pass_by', 'swingout', 'pass_by', 'pass_by', 'sugar_push', 'pass_by', 'swingout', 'pass_by', 'pass_by', 'outside_spin', 'pass_by', 'outside_spin', 'frankie´s_sixes', 'pass_by', 'pass_by', 'pass_by', 'pass_by', 'pass_by', 'sugar_push', 'pass_by', 'pass_by', 'swingout', 'swingout', 'pass_by', 'sugar_push', 'pass_by', 'pass_by']""]"
